ID,出題文,学習者訳,正解文,翻訳文,label,誤り単語,補足
1,彼女は地元で最も名声のある大学の一つに入学しました。,She enrolled at one of the most famous universities in her local area. ,She enrolled in one of the most prestigious colleges in her town.,She was admitted to one of the most prestigious universities in the area.,2,,
1,彼女は地元で最も名声のある大学の一つに入学しました。,She entered on of the most famous university in her hometown,She enrolled in one of the most prestigious colleges in her town.,She was admitted to one of the most prestigious universities in the area.,2,,
1,彼女は地元で最も名声のある大学の一つに入学しました。,She entered one of the most famous university in country side.,She enrolled in one of the most prestigious colleges in her town.,She was admitted to one of the most prestigious universities in the area.,0,地元,
1,彼女は地元で最も名声のある大学の一つに入学しました。,She entered the famous university in her town.,She enrolled in one of the most prestigious colleges in her town.,She was admitted to one of the most prestigious universities in the area.,0,一つ、最も,
1,彼女は地元で最も名声のある大学の一つに入学しました。,She entered one of the most famous universities in her hometown. ,She enrolled in one of the most prestigious colleges in her town.,She was admitted to one of the most prestigious universities in the area.,2,,
2,私はそのクラブに所属しています。,I belong to the club.,I belong to the club.,I belong to that club.,2,,
2,私はそのクラブに所属しています。,I belong the club.,I belong to the club.,I belong to that club.,2,,
2,私はそのクラブに所属しています。,She belonged to the club.,I belong to the club.,I belong to that club.,0,私は,
2,私はそのクラブに所属しています。,I belong to the club.,I belong to the club.,I belong to that club.,2,,
2,私はそのクラブに所属しています。,I belong to the club.,I belong to the club.,I belong to that club.,2,,
3,その国は経済の低迷で苦しむでしょう。,The country will undergo the economical downturn.,The country will suffer from an economic downturn.,That country will suffer from a sluggish economy.,2,苦しむ,
3,その国は経済の低迷で苦しむでしょう。,The country will suffer from the economical recession.,The country will suffer from an economic downturn.,That country will suffer from a sluggish economy.,2,,
3,その国は経済の低迷で苦しむでしょう。,The country will have trouble with dwilling economy.,The country will suffer from an economic downturn.,That country will suffer from a sluggish economy.,0,低迷、苦しむ,
3,その国は経済の低迷で苦しむでしょう。,That country will be helped by poor economy.,The country will suffer from an economic downturn.,That country will suffer from a sluggish economy.,0,苦しむ、低迷,
3,その国は経済の低迷で苦しむでしょう。,The country would suffer from economic depression.,The country will suffer from an economic downturn.,That country will suffer from a sluggish economy.,2,,
4,他人の前で話をすることは多くのスキルを必要とします。,Speaking in front of other people needs a lot of skills.,Speaking in front of others requires a lot of skills.,Speaking in front of others requires many skills.,2,,
4,他人の前で話をすることは多くのスキルを必要とします。,We need a lot of skills to speak in public.,Speaking in front of others requires a lot of skills.,Speaking in front of others requires many skills.,0,他人,
4,他人の前で話をすることは多くのスキルを必要とします。,You are to be skillful in making a speech in front of people.,Speaking in front of others requires a lot of skills.,Speaking in front of others requires many skills.,0,他人、必要,
4,他人の前で話をすることは多くのスキルを必要とします。,I need a lot of skills to speak in front of others.,Speaking in front of others requires a lot of skills.,Speaking in front of others requires many skills.,2,,
4,他人の前で話をすることは多くのスキルを必要とします。,It needs a lot of skills for speaking on many people.,Speaking in front of others requires a lot of skills.,Speaking in front of others requires many skills.,0,他人,
5,多くの親は、よりよい学校教育を受けるために海外に子供たちを留学させます。,Lots of parents have their children study abroad so they benefit from better education.,Many parents sent their children overseas for better schoolong.,Many parents send their children abroad for better schooling.,2,受ける,
5,多くの親は、よりよい学校教育を受けるために海外に子供たちを留学させます。,Many pararents let their children go abroad for better school education.,Many parents sent their children overseas for better schoolong.,Many parents send their children abroad for better schooling.,0,,
5,多くの親は、よりよい学校教育を受けるために海外に子供たちを留学させます。,Many parents makes their children go to study abroad because they can take a good education there.,Many parents sent their children overseas for better schoolong.,Many parents send their children abroad for better schooling.,2,,
5,多くの親は、よりよい学校教育を受けるために海外に子供たちを留学させます。,Many parents send their children abroad so that they can get better education.,Many parents sent their children overseas for better schoolong.,Many parents send their children abroad for better schooling.,2,,
5,多くの親は、よりよい学校教育を受けるために海外に子供たちを留学させます。,Many parents make their children study abroad for better education.,Many parents sent their children overseas for better schoolong.,Many parents send their children abroad for better schooling.,2,,
6,政府は来春、選挙を実施する予定です。,"Next spring,government will do election.",The government will be holding an election next spring.,The government plans to hold elections next spring.,2,,
6,政府は来春、選挙を実施する予定です。,The government is planning the vote next spring.,The government will be holding an election next spring.,The government plans to hold elections next spring.,2,選挙,
6,政府は来春、選挙を実施する予定です。,The government plans the vote next spring.,The government will be holding an election next spring.,The government plans to hold elections next spring.,2,選挙,
6,政府は来春、選挙を実施する予定です。,The government is going to held election next spring.,The government will be holding an election next spring.,The government plans to hold elections next spring.,2,,
6,政府は来春、選挙を実施する予定です。,The government plans to do a election next spring.,The government will be holding an election next spring.,The government plans to hold elections next spring.,2,,
7,野菜や果物は健康によいので、人々はこれらの食べ物をもっと食べるべきです。,You ought to eat more vegetables and fruits since they are good for your health.,People should eat more fruit and vegetables because these foods are healty.,Vegetables and fruits are healthy and people should eat more of these foods.,2,,
7,野菜や果物は健康によいので、人々はこれらの食べ物をもっと食べるべきです。,"Vegetables and fruits are good for health, so people should eat them more than before.",People should eat more fruit and vegetables because these foods are healty.,Vegetables and fruits are healthy and people should eat more of these foods.,2,,もっと？
7,野菜や果物は健康によいので、人々はこれらの食べ物をもっと食べるべきです。,"Vegetables and fruits are good for our health,so people should eat these more.",People should eat more fruit and vegetables because these foods are healty.,Vegetables and fruits are healthy and people should eat more of these foods.,2,,
7,野菜や果物は健康によいので、人々はこれらの食べ物をもっと食べるべきです。,People should eat more vegetables and fruits because they are good for their health.,People should eat more fruit and vegetables because these foods are healty.,Vegetables and fruits are healthy and people should eat more of these foods.,2,,
7,野菜や果物は健康によいので、人々はこれらの食べ物をもっと食べるべきです。,Everyone must eat vegetables and fruits because of health.,People should eat more fruit and vegetables because these foods are healty.,Vegetables and fruits are healthy and people should eat more of these foods.,0,もっと,
8,今日は雨だったので、ジムには行きませんでした。,"Today was rain,so I did't go the gym.","Since it wa rainy today,I did not go to the gym.","It was raining today, so I did not go to the gym.",2,,
8,今日は雨だったので、ジムには行きませんでした。,I didn't go to the gym because of rain today.,"Since it wa rainy today,I did not go to the gym.","It was raining today, so I did not go to the gym.",2,,
8,今日は雨だったので、ジムには行きませんでした。,I didn't go to the gym because it was rainy today.,"Since it wa rainy today,I did not go to the gym.","It was raining today, so I did not go to the gym.",2,,
8,今日は雨だったので、ジムには行きませんでした。,It was raining so I didn't go to the gym today.,"Since it wa rainy today,I did not go to the gym.","It was raining today, so I did not go to the gym.",2,,
8,今日は雨だったので、ジムには行きませんでした。,I did not go to the gym because it was raining today.,"Since it wa rainy today,I did not go to the gym.","It was raining today, so I did not go to the gym.",2,,
9,都市が過密になっている理由は、給料のよい仕事がたくさんあるからです。,Big cities are too crowded because people can find many well-paid jobs there.,The reason why cities are overcrowded is that there are many well-paying jobs.,The reason cities are overcrowded is because there are so many good-paying jobs available.,2,都市、過密,
9,都市が過密になっている理由は、給料のよい仕事がたくさんあるからです。,"There are expensive jobs, so city is too crowded.",The reason why cities are overcrowded is that there are many well-paying jobs.,The reason cities are overcrowded is because there are so many good-paying jobs available.,0,給料のよい,過密？
9,都市が過密になっている理由は、給料のよい仕事がたくさんあるからです。,Too many people live in the cities because there are lots of nice high-salary jobs.,The reason why cities are overcrowded is that there are many well-paying jobs.,The reason cities are overcrowded is because there are so many good-paying jobs available.,2,過密,
9,都市が過密になっている理由は、給料のよい仕事がたくさんあるからです。,The reason why the city is crowded is there are a lot of good paying jobs.,The reason why cities are overcrowded is that there are many well-paying jobs.,The reason cities are overcrowded is because there are so many good-paying jobs available.,0,過密,
9,都市が過密になっている理由は、給料のよい仕事がたくさんあるからです。,Too many people come to the city because they can earn more than local city .,The reason why cities are overcrowded is that there are many well-paying jobs.,The reason cities are overcrowded is because there are so many good-paying jobs available.,0,過密、給料のよい,余分のケース
10,医療の向上のおかげで、多くの国で平均寿命が高くなりました。,Medical improvement has enabled people to live longer in many countries.,"Thanks to medical advances,the average life expectancy has increased in many countries.","Thanks to improvements in medical care, life expectancy is higher in many countries.",0,平均寿命,
10,医療の向上のおかげで、多くの国で平均寿命が高くなりました。,"Thanks to the quality of medication is raised, the life expectancy  is increasing in many countries.","Thanks to medical advances,the average life expectancy has increased in many countries.","Thanks to improvements in medical care, life expectancy is higher in many countries.",0,医療、向上,
10,医療の向上のおかげで、多くの国で平均寿命が高くなりました。,"Thanks to the medical improvement, people live longer in many countries.","Thanks to medical advances,the average life expectancy has increased in many countries.","Thanks to improvements in medical care, life expectancy is higher in many countries.",0,平均寿命,
10,医療の向上のおかげで、多くの国で平均寿命が高くなりました。,"Because of Improving medical technology, life expectancy has increased in a lot of countries.","Thanks to medical advances,the average life expectancy has increased in many countries.","Thanks to improvements in medical care, life expectancy is higher in many countries.",2,,
10,医療の向上のおかげで、多くの国で平均寿命が高くなりました。,"Medical is better,so people live long in many coutries.","Thanks to medical advances,the average life expectancy has increased in many countries.","Thanks to improvements in medical care, life expectancy is higher in many countries.",0,向上、平均寿命、国,
11,独創性はビジネスの成功にとって決定的な要素です。,You must be creative to succeed in business.,Creativity is a crucial factor for business success.,Originality is a decisive factor for business success.,0,独創性、決定的、要素,
11,独創性はビジネスの成功にとって決定的な要素です。,Originarity is a important factor for buisiness sucusess.,Creativity is a crucial factor for business success.,Originality is a decisive factor for business success.,0,独創性,
11,独創性はビジネスの成功にとって決定的な要素です。,The Uniquness is need to succeed for business.,Creativity is a crucial factor for business success.,Originality is a decisive factor for business success.,0,独創性、決定的、要素,
11,独創性はビジネスの成功にとって決定的な要素です。,Creativity is the definate talent for business success.,Creativity is a crucial factor for business success.,Originality is a decisive factor for business success.,0,要素,
11,独創性はビジネスの成功にとって決定的な要素です。,Originality is a neccesary element for succeding in businesses.,Creativity is a crucial factor for business success.,Originality is a decisive factor for business success.,0,成功,
12,娯楽目的の大麻を合法化する国が増えてきました。,Leisurely use of cannabis has been admitted in many countries recently.,An increasing number of countries have legalized marijuna for recreational use.,More and more countries are legalizing marijuana for recreational purposes.,0,合法化、娯楽目的,
12,娯楽目的の大麻を合法化する国が増えてきました。,More coutries are allowed drugs for entertainment.,An increasing number of countries have legalized marijuna for recreational use.,More and more countries are legalizing marijuana for recreational purposes.,0,合法、国、,大麻？
12,娯楽目的の大麻を合法化する国が増えてきました。,The number of countries legalizing majuriana just for recreational purposes has been increaseing.,An increasing number of countries have legalized marijuna for recreational use.,More and more countries are legalizing marijuana for recreational purposes.,0,大麻、増えて,
12,娯楽目的の大麻を合法化する国が増えてきました。,More countries have made it legal to use cannabis for fun.,An increasing number of countries have legalized marijuna for recreational use.,More and more countries are legalizing marijuana for recreational purposes.,2,娯楽目的,
12,娯楽目的の大麻を合法化する国が増えてきました。,妹にやってもらう,An increasing number of countries have legalized marijuna for recreational use.,More and more countries are legalizing marijuana for recreational purposes.,,,
13,お客様が安心できるように、多くのレストランが衛生対策を導入してきました。,A lot of restaurant makes a rules for cleaning for customers.,Many restaurants have introduced hygiene measures in order to customers to feel safe.,Many restaurants have introduced sanitation measures to ensure the safety of their customers.,0,衛生,導入
13,お客様が安心できるように、多くのレストランが衛生対策を導入してきました。,Many restaurants have been careful of cleaning for customor safe.,Many restaurants have introduced hygiene measures in order to customers to feel safe.,Many restaurants have introduced sanitation measures to ensure the safety of their customers.,0,衛生、対策、お客様,
13,お客様が安心できるように、多くのレストランが衛生対策を導入してきました。,Many restaurants have introduced sanitary means for sustomers relief.,Many restaurants have introduced hygiene measures in order to customers to feel safe.,Many restaurants have introduced sanitation measures to ensure the safety of their customers.,0,対策、お客様,
13,お客様が安心できるように、多くのレストランが衛生対策を導入してきました。,Many restaurants have introduced sanitary means so sustomers will be relieved.,Many restaurants have introduced hygiene measures in order to customers to feel safe.,Many restaurants have introduced sanitation measures to ensure the safety of their customers.,0,対策、お客様,
13,お客様が安心できるように、多くのレストランが衛生対策を導入してきました。,A lot of restaurants introduce hygiene measures for peace of minding their customers.,Many restaurants have introduced hygiene measures in order to customers to feel safe.,Many restaurants have introduced sanitation measures to ensure the safety of their customers.,2,,
14,将来の就職の選択肢が増えるように、学生はさまざまな分野に興味を持っておくべきです。,"Students should be interested in many different things. So, they can choose from any jobs in the future.",Students should take an interest in various fields so that they can have more career options in the feature.,Students should be interested in a variety of fields so that they have more options for future employment.,0,,分野
14,将来の就職の選択肢が増えるように、学生はさまざまな分野に興味を持っておくべきです。,Students should have interestings for many fields to increase future options.,Students should take an interest in various fields so that they can have more career options in the feature.,Students should be interested in a variety of fields so that they have more options for future employment.,0,就職,
14,将来の就職の選択肢が増えるように、学生はさまざまな分野に興味を持っておくべきです。,Students should have interest in various fields so that they will have more career choices. ,Students should take an interest in various fields so that they can have more career options in the feature.,Students should be interested in a variety of fields so that they have more options for future employment.,2,,就職
14,将来の就職の選択肢が増えるように、学生はさまざまな分野に興味を持っておくべきです。,Students should have interests in various fields to increase their choices of future jobs.,Students should take an interest in various fields so that they can have more career options in the feature.,Students should be interested in a variety of fields so that they have more options for future employment.,2,,
14,将来の就職の選択肢が増えるように、学生はさまざまな分野に興味を持っておくべきです。,Students need to have interest in various fields for more career choices in the future. ,Students should take an interest in various fields so that they can have more career options in the feature.,Students should be interested in a variety of fields so that they have more options for future employment.,2,,就職
15,不健康な食事と運動不足のために、肥満の人が増えてきています。,The number of obese people has been increasing due to luck of exercise and unhealthy diet.,An increasing number of people are becoming overweught because eat unhealty foods and spend to little time on exercise.,"Due to unhealthy diets and lack of exercise, more and more people are becoming obese.",2,,
15,不健康な食事と運動不足のために、肥満の人が増えてきています。,"Because of the unhealthy meal and lack of exercises, many people become obesity.",An increasing number of people are becoming overweught because eat unhealty foods and spend to little time on exercise.,"Due to unhealthy diets and lack of exercise, more and more people are becoming obese.",2,,
15,不健康な食事と運動不足のために、肥満の人が増えてきています。,More and more people have been obese owing to unhealthy diet and less exercise.,An increasing number of people are becoming overweught because eat unhealty foods and spend to little time on exercise.,"Due to unhealthy diets and lack of exercise, more and more people are becoming obese.",2,,
15,不健康な食事と運動不足のために、肥満の人が増えてきています。,Unhealthy diet and less exercise have made more people fat.,An increasing number of people are becoming overweught because eat unhealty foods and spend to little time on exercise.,"Due to unhealthy diets and lack of exercise, more and more people are becoming obese.",2,,肥満
15,不健康な食事と運動不足のために、肥満の人が増えてきています。,There are too fat people because of healtyless meals and not exercise.,An increasing number of people are becoming overweught because eat unhealty foods and spend to little time on exercise.,"Due to unhealthy diets and lack of exercise, more and more people are becoming obese.",0,不健康、肥満,
16,最近の子供はたちは、栄養の偏りがひどいです。,Children these days are not healthy.,Children these days have a nutritionally unbalanced diet.,Children these days are severely malnourished.,0,栄養、偏り、ひどい,
16,最近の子供はたちは、栄養の偏りがひどいです。,Recent children are not enough ballanced meals.,Children these days have a nutritionally unbalanced diet.,Children these days are severely malnourished.,0,偏り,
16,最近の子供はたちは、栄養の偏りがひどいです。,Children's nutrition intake is terrible these days.,Children these days have a nutritionally unbalanced diet.,Children these days are severely malnourished.,0,偏り,
16,最近の子供はたちは、栄養の偏りがひどいです。,Children have taken nourishment poorly these days.,Children these days have a nutritionally unbalanced diet.,Children these days are severely malnourished.,0,偏り,
16,最近の子供はたちは、栄養の偏りがひどいです。,"Recently, children has severely unbalanced nutrition.",Children these days have a nutritionally unbalanced diet.,Children these days are severely malnourished.,2,,
17,最近の若者の犯罪の増加の傾向は、社会にとっての重大な関心事です。,The increase of recent juvenile deliquency is a promary concern in this society.,The recent increase in the number of crimes commited by young adults is a serious concern for society.,The recent trend of increasing crime among young people is of grave concern to society.,0,犯罪、とって、重大な,
17,最近の若者の犯罪の増加の傾向は、社会にとっての重大な関心事です。,The number of crimes by youngsters has been increasing and it is a serious concern in the society.,The recent increase in the number of crimes commited by young adults is a serious concern for society.,The recent trend of increasing crime among young people is of grave concern to society.,2,,
17,最近の若者の犯罪の増加の傾向は、社会にとっての重大な関心事です。,"The crime rate of young people is increasing, and it is the most interesting thing in society.",The recent increase in the number of crimes commited by young adults is a serious concern for society.,The recent trend of increasing crime among young people is of grave concern to society.,0,重大な,rateいる？
17,最近の若者の犯罪の増加の傾向は、社会にとっての重大な関心事です。,"The crimes by young people have increased recently, which is a serious concern in the society.",The recent increase in the number of crimes commited by young adults is a serious concern for society.,The recent trend of increasing crime among young people is of grave concern to society.,2,,
17,最近の若者の犯罪の増加の傾向は、社会にとっての重大な関心事です。,Increasing crimes for recent young people is a important trend for social.,The recent increase in the number of crimes commited by young adults is a serious concern for society.,The recent trend of increasing crime among young people is of grave concern to society.,0,関心ごと,
18,学校の校則の厳格化に対する不満の高まりは、多数の学生の非行の原因となりました。,Making school rules strict caused many students to be upset and behave improperly.,"As the school regulations became stricter,many students felt frustrated and started to misbenhave.",Growing dissatisfaction with stricter school rules has contributed to the delinquency of a large number of students.,0,不満(の高まり),非行、対するが下5つない。(正解文もない)
18,学校の校則の厳格化に対する不満の高まりは、多数の学生の非行の原因となりました。,The strict rules of the school cause many students got violent.,"As the school regulations became stricter,many students felt frustrated and started to misbenhave.",Growing dissatisfaction with stricter school rules has contributed to the delinquency of a large number of students.,0,不満(の高まり)、,非行
18,学校の校則の厳格化に対する不満の高まりは、多数の学生の非行の原因となりました。,Many students broke school rules because of having complains for getting tough of it.,"As the school regulations became stricter,many students felt frustrated and started to misbenhave.",Growing dissatisfaction with stricter school rules has contributed to the delinquency of a large number of students.,0,不満、非行等多数,
18,学校の校則の厳格化に対する不満の高まりは、多数の学生の非行の原因となりました。,Schools made their rules strict and it caused many students to be furious and misconduct.,"As the school regulations became stricter,many students felt frustrated and started to misbenhave.",Growing dissatisfaction with stricter school rules has contributed to the delinquency of a large number of students.,0,不満(の高まり),
18,学校の校則の厳格化に対する不満の高まりは、多数の学生の非行の原因となりました。,A lot of students have caused deliquencies because of the increase of their compleints about strict school rules.,"As the school regulations became stricter,many students felt frustrated and started to misbenhave.",Growing dissatisfaction with stricter school rules has contributed to the delinquency of a large number of students.,0,不満(の高まり)、非行,
19,学生は、しばしば自分の国の古い神話を学びます。,Students often study about the myth of their country.,Students often study ancient myths from their own culuture.,Students often learn old myths about their country.,0,古い,
19,学生は、しばしば自分の国の古い神話を学びます。,"Sometimes, students learn the story of god in their country.",Students often study ancient myths from their own culuture.,Students often learn old myths about their country.,0,古い,
19,学生は、しばしば自分の国の古い神話を学びます。,Students often learn old myths of their country.,Students often study ancient myths from their own culuture.,Students often learn old myths about their country.,2,,
19,学生は、しばしば自分の国の古い神話を学びます。,Students often learn the old myths of their own country.,Students often study ancient myths from their own culuture.,Students often learn old myths about their country.,2,,
19,学生は、しばしば自分の国の古い神話を学びます。,Students often study their own countries' history.,Students often study ancient myths from their own culuture.,Students often learn old myths about their country.,0,神話,
20,自動車事故が原因でその男性は亡くなりました。,The man died because of the traffic accident.,The man was killed in a car accident.,The man died as a result of an automobile accident.,2,,
20,自動車事故が原因でその男性は亡くなりました。,The man was killed in a traffic accident.,The man was killed in a car accident.,The man died as a result of an automobile accident.,2,,
20,自動車事故が原因でその男性は亡くなりました。,The man was died because of the car accident.,The man was killed in a car accident.,The man died as a result of an automobile accident.,2,,
20,自動車事故が原因でその男性は亡くなりました。,The man died because of the car accident.,The man was killed in a car accident.,The man died as a result of an automobile accident.,2,,
20,自動車事故が原因でその男性は亡くなりました。,The man was killed by the traffic accident.,The man was killed in a car accident.,The man died as a result of an automobile accident.,2,,
21,政府は、その道路の制限速度を低くするべきです。,The government should lower the speed limit on the road.,The government should make the speed limit on the road lower.,The government should lower the speed limit on those roads.,2,,
21,政府は、その道路の制限速度を低くするべきです。,The government should take a rule to low the speed limit at that road.,The government should make the speed limit on the road lower.,The government should lower the speed limit on those roads.,0,制限,余分のケースかも
21,政府は、その道路の制限速度を低くするべきです。,Government should not tight speed of the road.,The government should make the speed limit on the road lower.,The government should lower the speed limit on those roads.,0,低く,notが余分かも
21,政府は、その道路の制限速度を低くするべきです。,The government should make a rule that makes strict speed of the road low.,The government should make the speed limit on the road lower.,The government should lower the speed limit on those roads.,0,制限,ruleいらないかも
21,政府は、その道路の制限速度を低くするべきです。,The speed limit on the road should be lowered by the government.,The government should make the speed limit on the road lower.,The government should lower the speed limit on those roads.,2,,
22,インフルエンザの季節には人込みに行くべきではありません。,We should not go to crowds in the season of infullenza.,people should not go into crowded places during the flu season.,You should not go to crowded places during flu season.,0,インフルエンザ、,
22,インフルエンザの季節には人込みに行くべきではありません。,You should not go into the crowd when the flu is in the air.,people should not go into crowded places during the flu season.,You should not go to crowded places during flu season.,0,季節,
22,インフルエンザの季節には人込みに行くべきではありません。,You should not be in crowded in flu epidemic season.,people should not go into crowded places during the flu season.,You should not go to crowded places during flu season.,2,,
22,インフルエンザの季節には人込みに行くべきではありません。,We are not supposed to go into the crowd while the flu is spreading.,people should not go into crowded places during the flu season.,You should not go to crowded places during flu season.,0,べきではない,
22,インフルエンザの季節には人込みに行くべきではありません。,We shouldn’t go to the crowded place when the season of flu.,people should not go into crowded places during the flu season.,You should not go to crowded places during flu season.,2,,
23,もしこの状況が続くならば、経済は悪くなるでしょう。,"If this situation continues, the economy will get worse.",The economy will worsen if this situation continues.,"If this situation continues, the economy will be worse off.",2,,
23,もしこの状況が続くならば、経済は悪くなるでしょう。,"If this situation continues, the economy will be worse.",The economy will worsen if this situation continues.,"If this situation continues, the economy will be worse off.",2,,
23,もしこの状況が続くならば、経済は悪くなるでしょう。,"If this situation goes on, the economic condition would get worse.",The economy will worsen if this situation continues.,"If this situation continues, the economy will be worse off.",2,,
23,もしこの状況が続くならば、経済は悪くなるでしょう。,"If this situation continues, the economy will get worse.",The economy will worsen if this situation continues.,"If this situation continues, the economy will be worse off.",2,,
23,もしこの状況が続くならば、経済は悪くなるでしょう。,"If this situation continue,the economy will be bad.",The economy will worsen if this situation continues.,"If this situation continues, the economy will be worse off.",2,,
24,卒業後に一度故郷を離れると、故郷に戻る可能性は低いものです。,"Once they leave their hometown after graduation, they rarely come back.","Once people have their hometown afer finishing scool,they are unlikey to return.","Once you leave your hometown after graduation, it is unlikely that you will return to it.",0,故郷,可能性は低い
24,卒業後に一度故郷を離れると、故郷に戻る可能性は低いものです。,"If you leave your hometown, you won't comeback your hometown.","Once people have their hometown afer finishing scool,they are unlikey to return.","Once you leave your hometown after graduation, it is unlikely that you will return to it.",0,卒業後、一度、可能性は低い,
24,卒業後に一度故郷を離れると、故郷に戻る可能性は低いものです。,"Once you leave your hometown after graduation, it is unlikely that you will return there.","Once people have their hometown afer finishing scool,they are unlikey to return.","Once you leave your hometown after graduation, it is unlikely that you will return to it.",2,,
24,卒業後に一度故郷を離れると、故郷に戻る可能性は低いものです。,"Once you part from your hometown, you will unlikely go back to your hometown.","Once people have their hometown afer finishing scool,they are unlikey to return.","Once you leave your hometown after graduation, it is unlikely that you will return to it.",0,卒業後,
24,卒業後に一度故郷を離れると、故郷に戻る可能性は低いものです。,"Once we leave hometown after graduate, we rarely go back.","Once people have their hometown afer finishing scool,they are unlikey to return.","Once you leave your hometown after graduation, it is unlikely that you will return to it.",2,可能性は低い,
25,プラスチックの使用は私たちの生活を便利にしましたが、それと同時に環境に大きな影響を与えました。,"Using plastics made our life easier,but it influense for envirment at the same time.","Although the use of plastics has made our lives convenient, it has also caused significant environmental damage.","The use of plastics has made our lives more convenient, but it has also had a significant impact on the environment.",0,影響を与える、環境,便利
25,プラスチックの使用は私たちの生活を便利にしましたが、それと同時に環境に大きな影響を与えました。,"You can live comfortably because of he use of prastic, but it also has a big influence on the environment.","Although the use of plastics has made our lives convenient, it has also caused significant environmental damage.","The use of plastics has made our lives more convenient, but it has also had a significant impact on the environment.",0,便利,
25,プラスチックの使用は私たちの生活を便利にしましたが、それと同時に環境に大きな影響を与えました。,"The use of plastic made our lives convenient, but at the same time it influenced the environment very much.","Although the use of plastics has made our lives convenient, it has also caused significant environmental damage.","The use of plastics has made our lives more convenient, but it has also had a significant impact on the environment.",2,,
25,プラスチックの使用は私たちの生活を便利にしましたが、それと同時に環境に大きな影響を与えました。,"Using plastics makes our life useful, but it also had a bad influence on environment.","Although the use of plastics has made our lives convenient, it has also caused significant environmental damage.","The use of plastics has made our lives more convenient, but it has also had a significant impact on the environment.",0,大きな,
25,プラスチックの使用は私たちの生活を便利にしましたが、それと同時に環境に大きな影響を与えました。,"The plastic use has made our lives convenient, but it has seriously affected the environment at the same time.","Although the use of plastics has made our lives convenient, it has also caused significant environmental damage.","The use of plastics has made our lives more convenient, but it has also had a significant impact on the environment.",2,,
26,科学者たちが絶え間なく努力しているにもかかわらず、毎年、何千もの種が絶滅しています。,"In spite of scientists' constant effort, thousands of species have disappeard every year.","Even though scientists are making continuous efforts to prevent it, thousands of species are dying out every yaer.","Despite the constant efforts of scientists, thousands of species become extinct each year.",0,絶滅,
26,科学者たちが絶え間なく努力しているにもかかわらず、毎年、何千もの種が絶滅しています。,"Every year, thousands of spieces have died even so scientists constantly make a good effort.","Even though scientists are making continuous efforts to prevent it, thousands of species are dying out every yaer.","Despite the constant efforts of scientists, thousands of species become extinct each year.",0,種、絶滅,
26,科学者たちが絶え間なく努力しているにもかかわらず、毎年、何千もの種が絶滅しています。,"Though scientists have made efforts constantly, thousands of species have died out every year.","Even though scientists are making continuous efforts to prevent it, thousands of species are dying out every yaer.","Despite the constant efforts of scientists, thousands of species become extinct each year.",2,,
26,科学者たちが絶え間なく努力しているにもかかわらず、毎年、何千もの種が絶滅しています。,"Sientists are making efforts always, but every year many thousant of spiecies get lost.","Even though scientists are making continuous efforts to prevent it, thousands of species are dying out every yaer.","Despite the constant efforts of scientists, thousands of species become extinct each year.",0,絶え間なく、絶滅、種,
26,科学者たちが絶え間なく努力しているにもかかわらず、毎年、何千もの種が絶滅しています。,"Even if scientists makes an effort to protect animals, but thousands of them died every year.","Even though scientists are making continuous efforts to prevent it, thousands of species are dying out every yaer.","Despite the constant efforts of scientists, thousands of species become extinct each year.",0,絶え間なく、種,protect animal余分
27,ぜいたく品に対する税金は増やされるべきである一方、生活必需品に対する税金は減らされるべきです。,The tax for indispensable things should be decreased while the tax for luxurious things should be increased.,"While taxes on luxury items should be raised,those on daily necessities should be reduced.",Taxes on luxuries should be increased while taxes on necessities should be decreased.,2,生活必需品,
27,ぜいたく品に対する税金は増やされるべきである一方、生活必需品に対する税金は減らされるべきです。,"The tax of luxury things should increase, but the tax of the things for daily life should reduce.","While taxes on luxury items should be raised,those on daily necessities should be reduced.",Taxes on luxuries should be increased while taxes on necessities should be decreased.,2,,
27,ぜいたく品に対する税金は増やされるべきである一方、生活必需品に対する税金は減らされるべきです。,The tax for indispensable things should be reduced while the tax for luxurious things should be raised.,"While taxes on luxury items should be raised,those on daily necessities should be reduced.",Taxes on luxuries should be increased while taxes on necessities should be decreased.,2,生活必需品,
27,ぜいたく品に対する税金は増やされるべきである一方、生活必需品に対する税金は減らされるべきです。,"The tax for luxury items should be increased. On the other hand, the tax for daily necessities should be decreased. ","While taxes on luxury items should be raised,those on daily necessities should be reduced.",Taxes on luxuries should be increased while taxes on necessities should be decreased.,2,,
27,ぜいたく品に対する税金は増やされるべきである一方、生活必需品に対する税金は減らされるべきです。,"While tax of luxurery goods should　increase, tax of nesesarry goods should decrease.","While taxes on luxury items should be raised,those on daily necessities should be reduced.",Taxes on luxuries should be increased while taxes on necessities should be decreased.,0,ぜいたく品、生活必需品,
28,そのスーパーで買ったりんごは値段が高かったです。,The apples I bought at the supermarket were expensive.,The apples sold at the supermarket were expensive.,The apples I bought at that supermarket were overpriced.,2,,
28,そのスーパーで買ったりんごは値段が高かったです。,Apples I bought in that supermaket were expensive.,The apples sold at the supermarket were expensive.,The apples I bought at that supermarket were overpriced.,0,スーパーマーケット,
28,そのスーパーで買ったりんごは値段が高かったです。,The price of the apple I bought in the super market was high.,The apples sold at the supermarket were expensive.,The apples I bought at that supermarket were overpriced.,2,,
28,そのスーパーで買ったりんごは値段が高かったです。,The apples that I bought at the supermarket was expensive.,The apples sold at the supermarket were expensive.,The apples I bought at that supermarket were overpriced.,2,,
28,そのスーパーで買ったりんごは値段が高かったです。,The apples I bought at the supermarket were expensive.,The apples sold at the supermarket were expensive.,The apples I bought at that supermarket were overpriced.,2,,
29,昨日、昔私が働いていたレストランで食事をしました。,I went to the restaurant I used to work yesterday.,"Yesterday, I dined at the restaurant where I used to work.",Yesterday I had dinner at a restaurant where I used to work.,0,食事をしました,
29,昨日、昔私が働いていたレストランで食事をしました。,I had a meal at the restaurant where I used to work.,"Yesterday, I dined at the restaurant where I used to work.",Yesterday I had dinner at a restaurant where I used to work.,2,,
29,昨日、昔私が働いていたレストランで食事をしました。,Yesterday I had a meal at the restaurant I used to work at.,"Yesterday, I dined at the restaurant where I used to work.",Yesterday I had dinner at a restaurant where I used to work.,2,,
29,昨日、昔私が働いていたレストランで食事をしました。,Yesterday I had a meal at the restaurant I used to work at.,"Yesterday, I dined at the restaurant where I used to work.",Yesterday I had dinner at a restaurant where I used to work.,2,,
29,昨日、昔私が働いていたレストランで食事をしました。,"Yesterday, I ate meals in the restaurant where I worked.","Yesterday, I dined at the restaurant where I used to work.",Yesterday I had dinner at a restaurant where I used to work.,2,,食事をとるという表現がどうなのか？
30,この日が私がたばこをやめた日です。,It is the day when I quited smoking.,This was the day when I quit smoking.,This is the day I quit smoking cigarettes.,0,やめた、この,
30,この日が私がたばこをやめた日です。,This day is the day I gave up smoking.,This was the day when I quit smoking.,This is the day I quit smoking cigarettes.,2,,
30,この日が私がたばこをやめた日です。,This is the day when I quit smoking.,This was the day when I quit smoking.,This is the day I quit smoking cigarettes.,2,,
30,この日が私がたばこをやめた日です。,This day is a day of stopping smoking.,This was the day when I quit smoking.,This is the day I quit smoking cigarettes.,0,私が,
30,この日が私がたばこをやめた日です。,This is the day when I stopped smoking.,This was the day when I quit smoking.,This is the day I quit smoking cigarettes.,2,,
31,もし宝くじにあたったら、彼らは一生懸命働かなくなるでしょう。,They will not work hard if they win the lottery.,"If people won the lottery, they would stop working hard.",If they win the lottery they will stop working so hard.,2,,
31,もし宝くじにあたったら、彼らは一生懸命働かなくなるでしょう。,"If they get big amount of money,they won't work forever.","If people won the lottery, they would stop working hard.",If they win the lottery they will stop working so hard.,0,宝くじ、あたったら,
31,もし宝くじにあたったら、彼らは一生懸命働かなくなるでしょう。,"If they become the winner of a lottery, they will not work hard anymore.","If people won the lottery, they would stop working hard.",If they win the lottery they will stop working so hard.,2,,
31,もし宝くじにあたったら、彼らは一生懸命働かなくなるでしょう。,"If they won the lottery, they didn't work hard. ","If people won the lottery, they would stop working hard.",If they win the lottery they will stop working so hard.,2,,
31,もし宝くじにあたったら、彼らは一生懸命働かなくなるでしょう。,"If they win a lottery, they will no longer work hard.","If people won the lottery, they would stop working hard.",If they win the lottery they will stop working so hard.,2,,
32,報酬体系が改善したので、彼らはより一生懸命働く気持ちになりました。,"The payment system improved, which made them willing to work harder.","Because the pay system improved, they were willing to work harder.",They were willing to work harder because of the improved compensation structure.,2,,
32,報酬体系が改善したので、彼らはより一生懸命働く気持ちになりました。,"The payment system is better than before, they decided to work hard.","Because the pay system improved, they were willing to work harder.",They were willing to work harder because of the improved compensation structure.,2,,than beforeいる？
32,報酬体系が改善したので、彼らはより一生懸命働く気持ちになりました。,"The payment system was improved, so they were encouraged to work harder.","Because the pay system improved, they were willing to work harder.",They were willing to work harder because of the improved compensation structure.,2,,
32,報酬体系が改善したので、彼らはより一生懸命働く気持ちになりました。,"Payng system was improved, so they work hard now.","Because the pay system improved, they were willing to work harder.",They were willing to work harder because of the improved compensation structure.,0,報酬,nowいらない
32,報酬体系が改善したので、彼らはより一生懸命働く気持ちになりました。,"The salary role improved, they think they work more hard.","Because the pay system improved, they were willing to work harder.",They were willing to work harder because of the improved compensation structure.,0,報酬体系,
33,やる気さえあれば何事においても成功できる、ということを心に留めておきなさい。,Keep your mind that you can succed in everything if you are motivated.,"Bear in mind that if you have entusiasm, you can succeed in anything.",Keep in mind that you can succeed in anything as long as you are motivated.,0,成功,
33,やる気さえあれば何事においても成功できる、ということを心に留めておきなさい。,"Please keep your mind that if you work hard, you can succeed in any way.","Bear in mind that if you have entusiasm, you can succeed in anything.",Keep in mind that you can succeed in anything as long as you are motivated.,0,やる気,
33,やる気さえあれば何事においても成功できる、ということを心に留めておきなさい。,"Remember that if you have motivation, you will be able to succeed in everything.","Bear in mind that if you have entusiasm, you can succeed in anything.",Keep in mind that you can succeed in anything as long as you are motivated.,0,心に留めておきなさい,
33,やる気さえあれば何事においても成功できる、ということを心に留めておきなさい。,"Keep it in mind that if you have motivation, you can succeed in everything.","Bear in mind that if you have entusiasm, you can succeed in anything.",Keep in mind that you can succeed in anything as long as you are motivated.,2,,
33,やる気さえあれば何事においても成功できる、ということを心に留めておきなさい。,You should remenber that you will succseed you only have a motivation.,"Bear in mind that if you have entusiasm, you can succeed in anything.",Keep in mind that you can succeed in anything as long as you are motivated.,0,心に留める、成功,
34,健康でいたければ、毎食後の歯磨きを励行しなければなりません。,"You have to brush you teeth evry after your meal, if you want to be in good health.","If you want to stay healty, you should brush your teeth after every meal.","If you want to stay healthy, you must brush your teeth after every meal.",0,毎,
34,健康でいたければ、毎食後の歯磨きを励行しなければなりません。,"If you want to stay health, you should blush your teeth every after meal.","If you want to stay healty, you should brush your teeth after every meal.","If you want to stay healthy, you must brush your teeth after every meal.",2,,
34,健康でいたければ、毎食後の歯磨きを励行しなければなりません。,"If you want to be health, you must wash your teeth after meals.","If you want to stay healty, you should brush your teeth after every meal.","If you want to stay healthy, you must brush your teeth after every meal.",2,,
34,健康でいたければ、毎食後の歯磨きを励行しなければなりません。,You must brush your teeth after every meal if you want to stay fit.,"If you want to stay healty, you should brush your teeth after every meal.","If you want to stay healthy, you must brush your teeth after every meal.",2,,
34,健康でいたければ、毎食後の歯磨きを励行しなければなりません。,Brush your teeth after every meal if you want to be healthy.,"If you want to stay healty, you should brush your teeth after every meal.","If you want to stay healthy, you must brush your teeth after every meal.",0,励行,
35,この音楽は何度でも繰り返して聴く価値がある。,This music is worth listening again and again.,"If you want to stay healty, you should brush your teeth after every meal.",This music is worth listening to over and over again.,2,,
35,この音楽は何度でも繰り返して聴く価値がある。,The music has worth to listen many times.,"If you want to stay healty, you should brush your teeth after every meal.",This music is worth listening to over and over again.,2,,
35,この音楽は何度でも繰り返して聴く価値がある。,This music is worth listening repeatedly.,"If you want to stay healty, you should brush your teeth after every meal.",This music is worth listening to over and over again.,2,,
35,この音楽は何度でも繰り返して聴く価値がある。,This music is worth listening again and again.,"If you want to stay healty, you should brush your teeth after every meal.",This music is worth listening to over and over again.,2,,
35,この音楽は何度でも繰り返して聴く価値がある。,This musuc is worth listening to many times.,"If you want to stay healty, you should brush your teeth after every meal.",This music is worth listening to over and over again.,0,,
36,昼ごはんを食べに会社を出たら、高校時代の友達にばったり出会った。,I ran into a friend of mine when i leave the office to eat out.,"When I left the office for lunch,I ran into an old friend from high school.","When I left the office for lunch, I bumped into a friend from high school.",0,高校時代、昼ごはん,
36,昼ごはんを食べに会社を出たら、高校時代の友達にばったり出会った。,"Going out of the office for lunch, I happened to meet a friend from my high school days.","When I left the office for lunch,I ran into an old friend from high school.","When I left the office for lunch, I bumped into a friend from high school.",2,,
36,昼ごはんを食べに会社を出たら、高校時代の友達にばったり出会った。,"When I went out of the office for lunch, I came across a friend from my high school days.","When I left the office for lunch,I ran into an old friend from high school.","When I left the office for lunch, I bumped into a friend from high school.",2,,
36,昼ごはんを食べに会社を出たら、高校時代の友達にばったり出会った。,I saw luckly my friend of my highschool when I leave my office to have lunch.,"When I left the office for lunch,I ran into an old friend from high school.","When I left the office for lunch, I bumped into a friend from high school.",0,ばったり会う、高校時代,
36,昼ごはんを食べに会社を出たら、高校時代の友達にばったり出会った。,"When I went for lunch from my office, I met my friend of high school by chance.","When I left the office for lunch,I ran into an old friend from high school.","When I left the office for lunch, I bumped into a friend from high school.",2,,
37,人は誰でも生まれながらにして何らかの才能を持っているが、問題はそれを見つけられるかどうかだ。,"Every person has some kinds of talent, but the problem is whether he or she can find it.",Everyone is born with a talent. The question is whether they can find it or not.,"We are all born with some talent, but the question is whether we can find it.",2,,
37,人は誰でも生まれながらにして何らかの才能を持っているが、問題はそれを見つけられるかどうかだ。,"Everyone have some talent in a child, but many people don't notice it.",Everyone is born with a talent. The question is whether they can find it or not.,"We are all born with some talent, but the question is whether we can find it.",0,生まれながら、かどうか,
37,人は誰でも生まれながらにして何らかの才能を持っているが、問題はそれを見つけられるかどうかだ。,"Every person has a certain talent, but the problem is whether he can recognize it.",Everyone is born with a talent. The question is whether they can find it or not.,"We are all born with some talent, but the question is whether we can find it.",0,何らか,見つける
37,人は誰でも生まれながらにして何らかの才能を持っているが、問題はそれを見つけられるかどうかだ。,"People have their own skills by nature,it is a problems to find the skills.",Everyone is born with a talent. The question is whether they can find it or not.,"We are all born with some talent, but the question is whether we can find it.",1,何らか,
37,人は誰でも生まれながらにして何らかの才能を持っているが、問題はそれを見つけられるかどうかだ。,"Everyone has a talent at something, but the problem is that they will find it or not.",Everyone is born with a talent. The question is whether they can find it or not.,"We are all born with some talent, but the question is whether we can find it.",2,,
38,混雑した電車で二人分の積を占領して平気な顔をしている人を見ると本当に腹が立つ。,I really get angry when I see a person who uses two seats and feel nothing about it in a crowded train.,People who don't feel guilty about occupying two seats on a crowded train really make me angry.,It really pisses me off when I see people occupying a two-person load on a crowded train and looking unconcerned.,2,平気な顔,
38,混雑した電車で二人分の積を占領して平気な顔をしている人を見ると本当に腹が立つ。,I get strong angry when I find the person who use seats for two in crowded train.,People who don't feel guilty about occupying two seats on a crowded train really make me angry.,It really pisses me off when I see people occupying a two-person load on a crowded train and looking unconcerned.,0,本当に、平気な顔,
38,混雑した電車で二人分の積を占領して平気な顔をしている人を見ると本当に腹が立つ。,I'm really angry for a parson sitting using two seats.,People who don't feel guilty about occupying two seats on a crowded train really make me angry.,It really pisses me off when I see people occupying a two-person load on a crowded train and looking unconcerned.,0,平気な顔、混雑した、電車,
38,混雑した電車で二人分の積を占領して平気な顔をしている人を見ると本当に腹が立つ。,I’m so angry to see people who sit down the seat of two in the crowded train.,People who don't feel guilty about occupying two seats on a crowded train really make me angry.,It really pisses me off when I see people occupying a two-person load on a crowded train and looking unconcerned.,0,平気な顔,本当に
38,混雑した電車で二人分の積を占領して平気な顔をしている人を見ると本当に腹が立つ。,"When I see someone using two seats and feeling nothing about it in a crowded train, I really get mad.",People who don't feel guilty about occupying two seats on a crowded train really make me angry.,It really pisses me off when I see people occupying a two-person load on a crowded train and looking unconcerned.,2,平気な顔,
39,どこか魅力的なところがあるよね。,"I don’t know what it is like, but you are charming.",There is something about her that attracts me.,"There's something fascinating about it, isn't there?",0,どこか,
39,どこか魅力的なところがあるよね。,"There is something attractive in it, isn't there?",There is something about her that attracts me.,"There's something fascinating about it, isn't there?",2,,
39,どこか魅力的なところがあるよね。,There is something attracting point.,There is something about her that attracts me.,"There's something fascinating about it, isn't there?",2,,
39,どこか魅力的なところがあるよね。,"Somehow, you are charming.",There is something about her that attracts me.,"There's something fascinating about it, isn't there?",0,どこか、あるよね,
39,どこか魅力的なところがあるよね。,"There is something charming about it, isn't there?",There is something about her that attracts me.,"There's something fascinating about it, isn't there?",2,,
40,すみませんが、郵便局までどう行ったらいいですか？,"Excuse me, but how can I get to the post office?",Excuse me. Could you tell me how to get to the post office?,"Excuse me, how do I get to the post office?",2,,
40,すみませんが、郵便局までどう行ったらいいですか？,"Excuse me, but how can I get to the post office?",Excuse me. Could you tell me how to get to the post office?,"Excuse me, how do I get to the post office?",2,,
40,すみませんが、郵便局までどう行ったらいいですか？,"Excuse me, how can I get to the post office?",Excuse me. Could you tell me how to get to the post office?,"Excuse me, how do I get to the post office?",2,,
40,すみませんが、郵便局までどう行ったらいいですか？,"Excuse me, please tell me how to go to a post office.",Excuse me. Could you tell me how to get to the post office?,"Excuse me, how do I get to the post office?",2,,
40,すみませんが、郵便局までどう行ったらいいですか？,"Excuse me, how can I get to the post office?",Excuse me. Could you tell me how to get to the post office?,"Excuse me, how do I get to the post office?",2,,
41,アメリカでは、自分で運転できる年齢に達するまで、子供はどこに行くにも親に車で送ってもらう。,"In America, parents give a ride thier childreen until they can drive by themselves.","In the U.S., parents drive their children everywhere until they are old enough to get a driver's license.","In the United States, children are driven everywhere by their parents until they are old enough to drive themselves.",0,子供、どこに行くにも、年齢に達するまで,
41,アメリカでは、自分で運転できる年齢に達するまで、子供はどこに行くにも親に車で送ってもらう。,"In the US, parents need to drive a car to send their children wherever they go, until their children become the age to get a driver’s license.","In the U.S., parents drive their children everywhere until they are old enough to get a driver's license.","In the United States, children are driven everywhere by their parents until they are old enough to drive themselves.",2,,
41,アメリカでは、自分で運転できる年齢に達するまで、子供はどこに行くにも親に車で送ってもらう。,"In America, children are given a drive by their parents wherever they go until they can drive by themselves.","In the U.S., parents drive their children everywhere until they are old enough to get a driver's license.","In the United States, children are driven everywhere by their parents until they are old enough to drive themselves.",0,送る,
41,アメリカでは、自分で運転できる年齢に達するまで、子供はどこに行くにも親に車で送ってもらう。,"In America, parents send  a car for their children everywhere until children can drive cars.","In the U.S., parents drive their children everywhere until they are old enough to get a driver's license.","In the United States, children are driven everywhere by their parents until they are old enough to drive themselves.",2,,
41,アメリカでは、自分で運転できる年齢に達するまで、子供はどこに行くにも親に車で送ってもらう。,"In America, children have their parents drive them wherever they go until they are old enough to drive themselves.","In the U.S., parents drive their children everywhere until they are old enough to get a driver's license.","In the United States, children are driven everywhere by their parents until they are old enough to drive themselves.",0,送る,
42,日本では、女性の出産・育児の後は復職や昇進において不利になる。,"In Japan, regetting jobs and ascending are disadvantages for women who childbirth and childcare.","In Japan,women have difficulty getting promoted or returning to their jobs after giving birth and raising their children.","In Japan, women are at a disadvantage in returning to work or being promoted after childbirth or childcare.",0,復職,
42,日本では、女性の出産・育児の後は復職や昇進において不利になる。,Japanese women have difficulty in returning to their work or being promoted after they give birth and bring up their children.,"In Japan,women have difficulty getting promoted or returning to their jobs after giving birth and raising their children.","In Japan, women are at a disadvantage in returning to work or being promoted after childbirth or childcare.",2,,
42,日本では、女性の出産・育児の後は復職や昇進において不利になる。,It is difficult for women to return to their job or to be promoted after they give birth and raise their children.,"In Japan,women have difficulty getting promoted or returning to their jobs after giving birth and raising their children.","In Japan, women are at a disadvantage in returning to work or being promoted after childbirth or childcare.",0,日本では,
42,日本では、女性の出産・育児の後は復職や昇進において不利になる。,"In Japan, having childlen and raising them is disadvantage for women to step up their career.","In Japan,women have difficulty getting promoted or returning to their jobs after giving birth and raising their children.","In Japan, women are at a disadvantage in returning to work or being promoted after childbirth or childcare.",0,復職、昇進、子供,
42,日本では、女性の出産・育児の後は復職や昇進において不利になる。,"In Japan, it is not advantage for women to have a child.","In Japan,women have difficulty getting promoted or returning to their jobs after giving birth and raising their children.","In Japan, women are at a disadvantage in returning to work or being promoted after childbirth or childcare.",0,復職、昇進,育児、出産
43,都会の生活でたまったストレスや疲れをとるには、自然でのんびりするのが一番です。,To relax in nature is the best way to get rid of stress and fatigue from the urban life. ,"If city life gives you stress and fatigure, it is best to relax in the mountains or on beaches in order to relive them.",The best way to relieve the stress and fatigue of city life is to relax in nature.,2,,
43,都会の生活でたまったストレスや疲れをとるには、自然でのんびりするのが一番です。,It’s the best way to take a rest in the nature to relieve our stress of the city life.,"If city life gives you stress and fatigure, it is best to relax in the mountains or on beaches in order to relive them.",The best way to relieve the stress and fatigue of city life is to relax in nature.,0,疲れ,のんびり
43,都会の生活でたまったストレスや疲れをとるには、自然でのんびりするのが一番です。,It is the best way to stay in nature in order to releve stress and fatigue in living of city.,"If city life gives you stress and fatigure, it is best to relax in the mountains or on beaches in order to relive them.",The best way to relieve the stress and fatigue of city life is to relax in nature.,0,とる,のんびり
43,都会の生活でたまったストレスや疲れをとるには、自然でのんびりするのが一番です。,Relaxing in nature is the best way to do away with stress and fatigue from the urban life. ,"If city life gives you stress and fatigure, it is best to relax in the mountains or on beaches in order to relive them.",The best way to relieve the stress and fatigue of city life is to relax in nature.,2,,
43,都会の生活でたまったストレスや疲れをとるには、自然でのんびりするのが一番です。,Relxing among nature is the best way for stress and tired in urban life.,"If city life gives you stress and fatigure, it is best to relax in the mountains or on beaches in order to relive them.",The best way to relieve the stress and fatigue of city life is to relax in nature.,0,のんびり,
44,多くのものを犠牲にして、トムはついに宇宙飛行士になるという夢を実現した。,Tom finally realized his dream to be an astronaut at the cost of many things.,"Tom finally realized his dream of becoming an astronaut, but at the expense of many other things.","Sacrificing many things, Tom finally realized his dream of becoming an astronaut.",2,,
44,多くのものを犠牲にして、トムはついに宇宙飛行士になるという夢を実現した。,Tom finally managed to be an astronaut at the cost of many things.,"Tom finally realized his dream of becoming an astronaut, but at the expense of many other things.","Sacrificing many things, Tom finally realized his dream of becoming an astronaut.",2,夢を実現,
44,多くのものを犠牲にして、トムはついに宇宙飛行士になるという夢を実現した。,Tom finally came true his dream of becoming an astronaut by sacrificing a lot of things.,"Tom finally realized his dream of becoming an astronaut, but at the expense of many other things.","Sacrificing many things, Tom finally realized his dream of becoming an astronaut.",2,,
44,多くのものを犠牲にして、トムはついに宇宙飛行士になるという夢を実現した。,"Tom surcrifies many things, he became an astronomy that he dreamed of.","Tom finally realized his dream of becoming an astronaut, but at the expense of many other things.","Sacrificing many things, Tom finally realized his dream of becoming an astronaut.",0,犠牲、宇宙飛行士,
44,多くのものを犠牲にして、トムはついに宇宙飛行士になるという夢を実現した。,"Tom realized his dream being,  but he lost many things.","Tom finally realized his dream of becoming an astronaut, but at the expense of many other things.","Sacrificing many things, Tom finally realized his dream of becoming an astronaut.",0,宇宙飛行士,失う
45,パリに留学していた頃、ある有名な画家に高級レストランでごちそうしてもらった経験がある。,I was treated to a luxury restaurant by famous painter when I studied abroad.,"When I was studying in Paris, a famous painter boutht me a meal at a first-class restaurant.","When I was studying in Paris, I had the experience of being treated by a famous painter at a fine restaurant.",0,パリ,(以下5つ)経験がある
45,パリに留学していた頃、ある有名な画家に高級レストランでごちそうしてもらった経験がある。,"When I was in Paris for study, a famous airtist gave me meals in expensive restaurant.","When I was studying in Paris, a famous painter boutht me a meal at a first-class restaurant.","When I was studying in Paris, I had the experience of being treated by a famous painter at a fine restaurant.",0,画家,
45,パリに留学していた頃、ある有名な画家に高級レストランでごちそうしてもらった経験がある。,"While I was studying in Paris, I was treated a meal at a high-class restaurant by a famous painter.","When I was studying in Paris, a famous painter boutht me a meal at a first-class restaurant.","When I was studying in Paris, I had the experience of being treated by a famous painter at a fine restaurant.",0,留学、高級,
45,パリに留学していた頃、ある有名な画家に高級レストランでごちそうしてもらった経験がある。,"When I lived in Paris to study, a famous artist paid the meal for me at the restaurant.","When I was studying in Paris, a famous painter boutht me a meal at a first-class restaurant.","When I was studying in Paris, I had the experience of being treated by a famous painter at a fine restaurant.",0,高級,
45,パリに留学していた頃、ある有名な画家に高級レストランでごちそうしてもらった経験がある。,"While I was studying in Paris, a famous painter treated me a meal at a high-class restaurant.","When I was studying in Paris, a famous painter boutht me a meal at a first-class restaurant.","When I was studying in Paris, I had the experience of being treated by a famous painter at a fine restaurant.",2,,
46,若者が活字なら何でも鵜呑みにしてしまうという傾向は、今に始まったことではない。,Young peaple tend to believe letter from long time ago. ,The tendency for young people to believe everthing that is printed is nothing new.,The tendency of young people to believe anything in print is not new.,0,傾向、者、今に始まったことではない,
46,若者が活字なら何でも鵜呑みにしてしまうという傾向は、今に始まったことではない。,It’s always saying that young people tend to trust in any words  or reads.,The tendency for young people to believe everthing that is printed is nothing new.,The tendency of young people to believe anything in print is not new.,0,傾向、活字,
46,若者が活字なら何でも鵜呑みにしてしまうという傾向は、今に始まったことではない。,Many young people have believed what is printed for a long time.,The tendency for young people to believe everthing that is printed is nothing new.,The tendency of young people to believe anything in print is not new.,0,傾向、今に始まったことではない,
46,若者が活字なら何でも鵜呑みにしてしまうという傾向は、今に始まったことではない。,Many young people have always believed what is printed.,The tendency for young people to believe everthing that is printed is nothing new.,The tendency of young people to believe anything in print is not new.,0,傾向、今に始まったことではない,
46,若者が活字なら何でも鵜呑みにしてしまうという傾向は、今に始まったことではない。,The trend that young people believe everything written in printed text is not started now.,The tendency for young people to believe everthing that is printed is nothing new.,The tendency of young people to believe anything in print is not new.,2,,
47,うちは四人家族で、家はこのマンションの五階にあります。,"My family is 4persons, and  my home is 5floor in this apartment.",There are four people in may family. Our apartment is on the fifth floor of this building.,We are a family of four and our house is on the fifth floor of this apartment building.,2,,
47,うちは四人家族で、家はこのマンションの五階にあります。,"There are 4people in my family, and we live in the 5th floor in this mansion.",There are four people in may family. Our apartment is on the fifth floor of this building.,We are a family of four and our house is on the fifth floor of this apartment building.,0,マンション,
47,うちは四人家族で、家はこのマンションの五階にあります。,There are four people in my family and we live on the fifth floor of this apartment.,There are four people in may family. Our apartment is on the fifth floor of this building.,We are a family of four and our house is on the fifth floor of this apartment building.,2,,
47,うちは四人家族で、家はこのマンションの五階にあります。,There are four people in my family and we live on the fifth floor of this apartment.,There are four people in may family. Our apartment is on the fifth floor of this building.,We are a family of four and our house is on the fifth floor of this apartment building.,2,,
47,うちは四人家族で、家はこのマンションの五階にあります。,I have a family of four. My house is on the five floor of this condo.,There are four people in may family. Our apartment is on the fifth floor of this building.,We are a family of four and our house is on the fifth floor of this apartment building.,2,,
48,この自転車を修理してもらうのに一万円かかりました。,It took me ten thousand yen to have this bicycle  repaired.,It cost ten thousand yen to have this bike required.,"It cost me 10,000 yen to have this bicycle repaired.",2,,
48,この自転車を修理してもらうのに一万円かかりました。,The cost was 10000 yen for repairing this bycicle.,It cost ten thousand yen to have this bike required.,"It cost me 10,000 yen to have this bicycle repaired.",0,自転車,してもらう
48,この自転車を修理してもらうのに一万円かかりました。,It cost me 10000 yen to have this bicycle fixed.,It cost ten thousand yen to have this bike required.,"It cost me 10,000 yen to have this bicycle repaired.",2,,
48,この自転車を修理してもらうのに一万円かかりました。,It cost me 10000 yen to have this bicycle repaired.,It cost ten thousand yen to have this bike required.,"It cost me 10,000 yen to have this bicycle repaired.",2,,
48,この自転車を修理してもらうのに一万円かかりました。,I payed 10000yen to repair my bicycle.,It cost ten thousand yen to have this bike required.,"It cost me 10,000 yen to have this bicycle repaired.",0,かかりました,してもらう、ニュアンス的にまずいと思ったため不正解
49,その映画館まで徒歩でおよそ20分ですが、地下鉄なら5分で行くことができます。,"It takes 20 minutes by foot to the movie theater, it takes 5 minutes by subway.","This movie theater is about twenty minutes' walk from here, but it takes only five minutes to get there by subway.","It takes about 20 minutes to walk to the cinema, but you can get there in 5 minutes by subway.",0,およそ,
49,その映画館まで徒歩でおよそ20分ですが、地下鉄なら5分で行くことができます。,"It takes about 20 minutes to go to the movie theater on foot, but only 5 minutes by subway.","This movie theater is about twenty minutes' walk from here, but it takes only five minutes to get there by subway.","It takes about 20 minutes to walk to the cinema, but you can get there in 6 minutes by subway.",2,,
49,その映画館まで徒歩でおよそ20分ですが、地下鉄なら5分で行くことができます。,"It takes about twenty minutes to the theater, but I can get there in five munites by subway.","This movie theater is about twenty minutes' walk from here, but it takes only five minutes to get there by subway.","It takes about 20 minutes to walk to the cinema, but you can get there in 7 minutes by subway.",0,分（5の方)、映画,
49,その映画館まで徒歩でおよそ20分ですが、地下鉄なら5分で行くことができます。,"You can get to the theater in about 20 minutes on foot, but 5 minutes by subway.","This movie theater is about twenty minutes' walk from here, but it takes only five minutes to get there by subway.","It takes about 20 minutes to walk to the cinema, but you can get there in 8 minutes by subway.",0,映画,
49,その映画館まで徒歩でおよそ20分ですが、地下鉄なら5分で行くことができます。,"It will be 20min by walking, but only 5min by subway.","This movie theater is about twenty minutes' walk from here, but it takes only five minutes to get there by subway.","It takes about 20 minutes to walk to the cinema, but you can get there in 9 minutes by subway.",2,映画館,
50,あいさつの仕方は国によりさまざまだが、日本では、握手よりお辞儀の方が普通だ。,"The ways of greeting vary in the world, but to bow is more common than to shake hands in Japan.","Ways of greeting vary from country. In Japan, bowing is more common than shakeing hands.","Greetings vary from country to country, but in Japan, bowing is more common than shaking hands.",2,,
50,あいさつの仕方は国によりさまざまだが、日本では、握手よりお辞儀の方が普通だ。,"Each country has way of greeting. In Japan, it is natural bowing than shaking hands.","Ways of greeting vary from country. In Japan, bowing is more common than shakeing hands.","Greetings vary from country to country, but in Japan, bowing is more common than shaking hands.",2,,
50,あいさつの仕方は国によりさまざまだが、日本では、握手よりお辞儀の方が普通だ。,"There are many types of greetings in different country, but in Japan, people tend to take a bow than hand shaking.","Ways of greeting vary from country. In Japan, bowing is more common than shakeing hands.","Greetings vary from country to country, but in Japan, bowing is more common than shaking hands.",2,,
50,あいさつの仕方は国によりさまざまだが、日本では、握手よりお辞儀の方が普通だ。,"The ways of greeting vary from country to country, but in Japan to bow is more common than to shake hands.","Ways of greeting vary from country. In Japan, bowing is more common than shakeing hands.","Greetings vary from country to country, but in Japan, bowing is more common than shaking hands.",2,,
50,あいさつの仕方は国によりさまざまだが、日本では、握手よりお辞儀の方が普通だ。,"In Japan, ojigi is nomal than shake hands, how to greeting is various in various countries.","Ways of greeting vary from country. In Japan, bowing is more common than shakeing hands.","Greetings vary from country to country, but in Japan, bowing is more common than shaking hands.",0,お辞儀、普通,
51,その瞬間、窓から冷たい風が流れ込んだ。,"Suddenly, cold wind blew into the room through the window.",At the moment cold air flowed in throught the window.,"At that moment, a cold wind streamed in through the window.",2,,部屋に余分？
51,その瞬間、窓から冷たい風が流れ込んだ。,Then cold wind blew into the room through the window.,At the moment cold air flowed in throught the window.,"At that moment, a cold wind streamed in through the window.",2,,部屋に余分？
51,その瞬間、窓から冷たい風が流れ込んだ。,"At the moment, cold wind flowed in from the window.",At the moment cold air flowed in throught the window.,"At that moment, a cold wind streamed in through the window.",2,,
51,その瞬間、窓から冷たい風が流れ込んだ。,"At the time,a cold wind enter the room from the window.",At the moment cold air flowed in throught the window.,"At that moment, a cold wind streamed in through the window.",2,流れ込んだ,部屋に余分？
51,その瞬間、窓から冷たい風が流れ込んだ。,"At the moment, the cold wind comes from the window.",At the moment cold air flowed in throught the window.,"At that moment, a cold wind streamed in through the window.",2,流れ込んだ,
